{
  "meta_title": "",
  "meta_description": "",
  "sections": [
    {
      "type": "banner-slider",
      "autoplay": 9000,
      "slides": [
        {
          "start": "",
          "end": "",
          "img": "https://uploaddeimagens.com.br/images/003/275/675/full/ex_bannernovo2.jpg",
          "link": "#"
        },
        {
          "start": "",
          "end": "",
          "img": "https://uploaddeimagens.com.br/images/003/275/676/original/ex_bannernovo3.jpg"
        }
      ]
    },
    {
      "type": "info-bar",
      "enabled": false
    },
    {
      "type": "collection-shelf",
      "shuffle": false,
      "collection_id": null,
      "limit": 12,
      "page": 1,
      "sort": "views"
    },
    {
      "type": "page-title",
      "title": "",
      "description": ""
    }
  ]
}